MIN_SPDY_VERSION,0.03427199111292976
MP_PARSE_HEADER_NAME,0.024962147539595993
MINIDUMPWRITEDUMP,0.022260908530374466
...except,0.017996086486607128
B107M,0.016325698365431594
"40",0.01365496764429401
MP_PARSE_HEADER_LAST_LF,0.013647388640333167
"::invalid_dir_name::",0.012836927498239531
MAX_PATH,0.012580315957954127
HelloModule,0.012386122407790653
'`',0.011863232039227754
"[Query,0.01186038151086186
(No,0.010634688882894561
MP_PARSE_HEADER_LF,0.010272847502363906
0x90,0.010220213565997264
"128.2.02f.12",0.009872485251933053
Message,0.008758593549784754
,0.008534763282260318
HEADER_COOKIE,0.008396207363102773
GetCurrentProcessId,0.008108420778858526
MP_PARSE_FIELD_DATA,0.008018309126875718
MiniDumpNormal,0.007936554148303566
"?action=delete&cookie_name=",0.007690118213756857
"A&amp;P",0.007618060789355997
'a'",0.007602974691797522
MISSING_DATA_CHAR,0.007422681433568227
"LogServiceAppender",0.007411382208967967
"172.30.2.1",0.0070294481363673
"=\xFF=",0.006852983064492381
"<BODY><H1>401,0.006555369549391531
"</form>\n\n",0.0064926469572247295
ErrorCategory,0.006358780915307612
";",0.0062364206156287376
EchoService,0.006069353400838779
Info]",0.005721574585239139
"abc",0.005702255909761728
Max-Age=\"",0.0056825824460822036
027,0.00503689169164743
MP_PARSE_HEADER_CR,0.004858806156530391
45,0.00485002775999627
HelloService,0.004779821588740813
LETTER,0.004764734789614948
'#',0.00442279116174255
Method,0.004389011576624335
"abcde",0.004371384695703878
(final),0.004365309211760108
"this",0.004234342607031019
";,0.004159443450067461
METHOD_MAX,0.004110324500200816
Handle,0.004093790994615806
